"Column Name","Label"
"GEO_ID","Geography"
"NAME","Geographic Area Name"
"B17024_001E","Estimate!!Total:"
"B17024_001M","Margin of Error!!Total:"
"B17024_002E","Estimate!!Total:!!Under 6 years:"
"B17024_002M","Margin of Error!!Total:!!Under 6 years:"
"B17024_003E","Estimate!!Total:!!Under 6 years:!!Under .50"
"B17024_003M","Margin of Error!!Total:!!Under 6 years:!!Under .50"
"B17024_004E","Estimate!!Total:!!Under 6 years:!!.50 to .74"
"B17024_004M","Margin of Error!!Total:!!Under 6 years:!!.50 to .74"
"B17024_005E","Estimate!!Total:!!Under 6 years:!!.75 to .99"
"B17024_005M","Margin of Error!!Total:!!Under 6 years:!!.75 to .99"
"B17024_006E","Estimate!!Total:!!Under 6 years:!!1.00 to 1.24"
"B17024_006M","Margin of Error!!Total:!!Under 6 years:!!1.00 to 1.24"
"B17024_007E","Estimate!!Total:!!Under 6 years:!!1.25 to 1.49"
"B17024_007M","Margin of Error!!Total:!!Under 6 years:!!1.25 to 1.49"
"B17024_008E","Estimate!!Total:!!Under 6 years:!!1.50 to 1.74"
"B17024_008M","Margin of Error!!Total:!!Under 6 years:!!1.50 to 1.74"
"B17024_009E","Estimate!!Total:!!Under 6 years:!!1.75 to 1.84"
"B17024_009M","Margin of Error!!Total:!!Under 6 years:!!1.75 to 1.84"
"B17024_010E","Estimate!!Total:!!Under 6 years:!!1.85 to 1.99"
"B17024_010M","Margin of Error!!Total:!!Under 6 years:!!1.85 to 1.99"
"B17024_011E","Estimate!!Total:!!Under 6 years:!!2.00 to 2.99"
"B17024_011M","Margin of Error!!Total:!!Under 6 years:!!2.00 to 2.99"
"B17024_012E","Estimate!!Total:!!Under 6 years:!!3.00 to 3.99"
"B17024_012M","Margin of Error!!Total:!!Under 6 years:!!3.00 to 3.99"
"B17024_013E","Estimate!!Total:!!Under 6 years:!!4.00 to 4.99"
"B17024_013M","Margin of Error!!Total:!!Under 6 years:!!4.00 to 4.99"
"B17024_014E","Estimate!!Total:!!Under 6 years:!!5.00 and over"
"B17024_014M","Margin of Error!!Total:!!Under 6 years:!!5.00 and over"
"B17024_015E","Estimate!!Total:!!6 to 11 years:"
"B17024_015M","Margin of Error!!Total:!!6 to 11 years:"
"B17024_016E","Estimate!!Total:!!6 to 11 years:!!Under .50"
"B17024_016M","Margin of Error!!Total:!!6 to 11 years:!!Under .50"
"B17024_017E","Estimate!!Total:!!6 to 11 years:!!.50 to .74"
"B17024_017M","Margin of Error!!Total:!!6 to 11 years:!!.50 to .74"
"B17024_018E","Estimate!!Total:!!6 to 11 years:!!.75 to .99"
"B17024_018M","Margin of Error!!Total:!!6 to 11 years:!!.75 to .99"
"B17024_019E","Estimate!!Total:!!6 to 11 years:!!1.00 to 1.24"
"B17024_019M","Margin of Error!!Total:!!6 to 11 years:!!1.00 to 1.24"
"B17024_020E","Estimate!!Total:!!6 to 11 years:!!1.25 to 1.49"
"B17024_020M","Margin of Error!!Total:!!6 to 11 years:!!1.25 to 1.49"
"B17024_021E","Estimate!!Total:!!6 to 11 years:!!1.50 to 1.74"
"B17024_021M","Margin of Error!!Total:!!6 to 11 years:!!1.50 to 1.74"
"B17024_022E","Estimate!!Total:!!6 to 11 years:!!1.75 to 1.84"
"B17024_022M","Margin of Error!!Total:!!6 to 11 years:!!1.75 to 1.84"
"B17024_023E","Estimate!!Total:!!6 to 11 years:!!1.85 to 1.99"
"B17024_023M","Margin of Error!!Total:!!6 to 11 years:!!1.85 to 1.99"
"B17024_024E","Estimate!!Total:!!6 to 11 years:!!2.00 to 2.99"
"B17024_024M","Margin of Error!!Total:!!6 to 11 years:!!2.00 to 2.99"
"B17024_025E","Estimate!!Total:!!6 to 11 years:!!3.00 to 3.99"
"B17024_025M","Margin of Error!!Total:!!6 to 11 years:!!3.00 to 3.99"
"B17024_026E","Estimate!!Total:!!6 to 11 years:!!4.00 to 4.99"
"B17024_026M","Margin of Error!!Total:!!6 to 11 years:!!4.00 to 4.99"
"B17024_027E","Estimate!!Total:!!6 to 11 years:!!5.00 and over"
"B17024_027M","Margin of Error!!Total:!!6 to 11 years:!!5.00 and over"
"B17024_028E","Estimate!!Total:!!12 to 17 years:"
"B17024_028M","Margin of Error!!Total:!!12 to 17 years:"
"B17024_029E","Estimate!!Total:!!12 to 17 years:!!Under .50"
"B17024_029M","Margin of Error!!Total:!!12 to 17 years:!!Under .50"
"B17024_030E","Estimate!!Total:!!12 to 17 years:!!.50 to .74"
"B17024_030M","Margin of Error!!Total:!!12 to 17 years:!!.50 to .74"
"B17024_031E","Estimate!!Total:!!12 to 17 years:!!.75 to .99"
"B17024_031M","Margin of Error!!Total:!!12 to 17 years:!!.75 to .99"
"B17024_032E","Estimate!!Total:!!12 to 17 years:!!1.00 to 1.24"
"B17024_032M","Margin of Error!!Total:!!12 to 17 years:!!1.00 to 1.24"
"B17024_033E","Estimate!!Total:!!12 to 17 years:!!1.25 to 1.49"
"B17024_033M","Margin of Error!!Total:!!12 to 17 years:!!1.25 to 1.49"
"B17024_034E","Estimate!!Total:!!12 to 17 years:!!1.50 to 1.74"
"B17024_034M","Margin of Error!!Total:!!12 to 17 years:!!1.50 to 1.74"
"B17024_035E","Estimate!!Total:!!12 to 17 years:!!1.75 to 1.84"
"B17024_035M","Margin of Error!!Total:!!12 to 17 years:!!1.75 to 1.84"
"B17024_036E","Estimate!!Total:!!12 to 17 years:!!1.85 to 1.99"
"B17024_036M","Margin of Error!!Total:!!12 to 17 years:!!1.85 to 1.99"
"B17024_037E","Estimate!!Total:!!12 to 17 years:!!2.00 to 2.99"
"B17024_037M","Margin of Error!!Total:!!12 to 17 years:!!2.00 to 2.99"
"B17024_038E","Estimate!!Total:!!12 to 17 years:!!3.00 to 3.99"
"B17024_038M","Margin of Error!!Total:!!12 to 17 years:!!3.00 to 3.99"
"B17024_039E","Estimate!!Total:!!12 to 17 years:!!4.00 to 4.99"
"B17024_039M","Margin of Error!!Total:!!12 to 17 years:!!4.00 to 4.99"
"B17024_040E","Estimate!!Total:!!12 to 17 years:!!5.00 and over"
"B17024_040M","Margin of Error!!Total:!!12 to 17 years:!!5.00 and over"
"B17024_041E","Estimate!!Total:!!18 to 24 years:"
"B17024_041M","Margin of Error!!Total:!!18 to 24 years:"
"B17024_042E","Estimate!!Total:!!18 to 24 years:!!Under .50"
"B17024_042M","Margin of Error!!Total:!!18 to 24 years:!!Under .50"
"B17024_043E","Estimate!!Total:!!18 to 24 years:!!.50 to .74"
"B17024_043M","Margin of Error!!Total:!!18 to 24 years:!!.50 to .74"
"B17024_044E","Estimate!!Total:!!18 to 24 years:!!.75 to .99"
"B17024_044M","Margin of Error!!Total:!!18 to 24 years:!!.75 to .99"
"B17024_045E","Estimate!!Total:!!18 to 24 years:!!1.00 to 1.24"
"B17024_045M","Margin of Error!!Total:!!18 to 24 years:!!1.00 to 1.24"
"B17024_046E","Estimate!!Total:!!18 to 24 years:!!1.25 to 1.49"
"B17024_046M","Margin of Error!!Total:!!18 to 24 years:!!1.25 to 1.49"
"B17024_047E","Estimate!!Total:!!18 to 24 years:!!1.50 to 1.74"
"B17024_047M","Margin of Error!!Total:!!18 to 24 years:!!1.50 to 1.74"
"B17024_048E","Estimate!!Total:!!18 to 24 years:!!1.75 to 1.84"
"B17024_048M","Margin of Error!!Total:!!18 to 24 years:!!1.75 to 1.84"
"B17024_049E","Estimate!!Total:!!18 to 24 years:!!1.85 to 1.99"
"B17024_049M","Margin of Error!!Total:!!18 to 24 years:!!1.85 to 1.99"
"B17024_050E","Estimate!!Total:!!18 to 24 years:!!2.00 to 2.99"
"B17024_050M","Margin of Error!!Total:!!18 to 24 years:!!2.00 to 2.99"
"B17024_051E","Estimate!!Total:!!18 to 24 years:!!3.00 to 3.99"
"B17024_051M","Margin of Error!!Total:!!18 to 24 years:!!3.00 to 3.99"
"B17024_052E","Estimate!!Total:!!18 to 24 years:!!4.00 to 4.99"
"B17024_052M","Margin of Error!!Total:!!18 to 24 years:!!4.00 to 4.99"
"B17024_053E","Estimate!!Total:!!18 to 24 years:!!5.00 and over"
"B17024_053M","Margin of Error!!Total:!!18 to 24 years:!!5.00 and over"
"B17024_054E","Estimate!!Total:!!25 to 34 years:"
"B17024_054M","Margin of Error!!Total:!!25 to 34 years:"
"B17024_055E","Estimate!!Total:!!25 to 34 years:!!Under .50"
"B17024_055M","Margin of Error!!Total:!!25 to 34 years:!!Under .50"
"B17024_056E","Estimate!!Total:!!25 to 34 years:!!.50 to .74"
"B17024_056M","Margin of Error!!Total:!!25 to 34 years:!!.50 to .74"
"B17024_057E","Estimate!!Total:!!25 to 34 years:!!.75 to .99"
"B17024_057M","Margin of Error!!Total:!!25 to 34 years:!!.75 to .99"
"B17024_058E","Estimate!!Total:!!25 to 34 years:!!1.00 to 1.24"
"B17024_058M","Margin of Error!!Total:!!25 to 34 years:!!1.00 to 1.24"
"B17024_059E","Estimate!!Total:!!25 to 34 years:!!1.25 to 1.49"
"B17024_059M","Margin of Error!!Total:!!25 to 34 years:!!1.25 to 1.49"
"B17024_060E","Estimate!!Total:!!25 to 34 years:!!1.50 to 1.74"
"B17024_060M","Margin of Error!!Total:!!25 to 34 years:!!1.50 to 1.74"
"B17024_061E","Estimate!!Total:!!25 to 34 years:!!1.75 to 1.84"
"B17024_061M","Margin of Error!!Total:!!25 to 34 years:!!1.75 to 1.84"
"B17024_062E","Estimate!!Total:!!25 to 34 years:!!1.85 to 1.99"
"B17024_062M","Margin of Error!!Total:!!25 to 34 years:!!1.85 to 1.99"
"B17024_063E","Estimate!!Total:!!25 to 34 years:!!2.00 to 2.99"
"B17024_063M","Margin of Error!!Total:!!25 to 34 years:!!2.00 to 2.99"
"B17024_064E","Estimate!!Total:!!25 to 34 years:!!3.00 to 3.99"
"B17024_064M","Margin of Error!!Total:!!25 to 34 years:!!3.00 to 3.99"
"B17024_065E","Estimate!!Total:!!25 to 34 years:!!4.00 to 4.99"
"B17024_065M","Margin of Error!!Total:!!25 to 34 years:!!4.00 to 4.99"
"B17024_066E","Estimate!!Total:!!25 to 34 years:!!5.00 and over"
"B17024_066M","Margin of Error!!Total:!!25 to 34 years:!!5.00 and over"
"B17024_067E","Estimate!!Total:!!35 to 44 years:"
"B17024_067M","Margin of Error!!Total:!!35 to 44 years:"
"B17024_068E","Estimate!!Total:!!35 to 44 years:!!Under .50"
"B17024_068M","Margin of Error!!Total:!!35 to 44 years:!!Under .50"
"B17024_069E","Estimate!!Total:!!35 to 44 years:!!.50 to .74"
"B17024_069M","Margin of Error!!Total:!!35 to 44 years:!!.50 to .74"
"B17024_070E","Estimate!!Total:!!35 to 44 years:!!.75 to .99"
"B17024_070M","Margin of Error!!Total:!!35 to 44 years:!!.75 to .99"
"B17024_071E","Estimate!!Total:!!35 to 44 years:!!1.00 to 1.24"
"B17024_071M","Margin of Error!!Total:!!35 to 44 years:!!1.00 to 1.24"
"B17024_072E","Estimate!!Total:!!35 to 44 years:!!1.25 to 1.49"
"B17024_072M","Margin of Error!!Total:!!35 to 44 years:!!1.25 to 1.49"
"B17024_073E","Estimate!!Total:!!35 to 44 years:!!1.50 to 1.74"
"B17024_073M","Margin of Error!!Total:!!35 to 44 years:!!1.50 to 1.74"
"B17024_074E","Estimate!!Total:!!35 to 44 years:!!1.75 to 1.84"
"B17024_074M","Margin of Error!!Total:!!35 to 44 years:!!1.75 to 1.84"
"B17024_075E","Estimate!!Total:!!35 to 44 years:!!1.85 to 1.99"
"B17024_075M","Margin of Error!!Total:!!35 to 44 years:!!1.85 to 1.99"
"B17024_076E","Estimate!!Total:!!35 to 44 years:!!2.00 to 2.99"
"B17024_076M","Margin of Error!!Total:!!35 to 44 years:!!2.00 to 2.99"
"B17024_077E","Estimate!!Total:!!35 to 44 years:!!3.00 to 3.99"
"B17024_077M","Margin of Error!!Total:!!35 to 44 years:!!3.00 to 3.99"
"B17024_078E","Estimate!!Total:!!35 to 44 years:!!4.00 to 4.99"
"B17024_078M","Margin of Error!!Total:!!35 to 44 years:!!4.00 to 4.99"
"B17024_079E","Estimate!!Total:!!35 to 44 years:!!5.00 and over"
"B17024_079M","Margin of Error!!Total:!!35 to 44 years:!!5.00 and over"
"B17024_080E","Estimate!!Total:!!45 to 54 years:"
"B17024_080M","Margin of Error!!Total:!!45 to 54 years:"
"B17024_081E","Estimate!!Total:!!45 to 54 years:!!Under .50"
"B17024_081M","Margin of Error!!Total:!!45 to 54 years:!!Under .50"
"B17024_082E","Estimate!!Total:!!45 to 54 years:!!.50 to .74"
"B17024_082M","Margin of Error!!Total:!!45 to 54 years:!!.50 to .74"
"B17024_083E","Estimate!!Total:!!45 to 54 years:!!.75 to .99"
"B17024_083M","Margin of Error!!Total:!!45 to 54 years:!!.75 to .99"
"B17024_084E","Estimate!!Total:!!45 to 54 years:!!1.00 to 1.24"
"B17024_084M","Margin of Error!!Total:!!45 to 54 years:!!1.00 to 1.24"
"B17024_085E","Estimate!!Total:!!45 to 54 years:!!1.25 to 1.49"
"B17024_085M","Margin of Error!!Total:!!45 to 54 years:!!1.25 to 1.49"
"B17024_086E","Estimate!!Total:!!45 to 54 years:!!1.50 to 1.74"
"B17024_086M","Margin of Error!!Total:!!45 to 54 years:!!1.50 to 1.74"
"B17024_087E","Estimate!!Total:!!45 to 54 years:!!1.75 to 1.84"
"B17024_087M","Margin of Error!!Total:!!45 to 54 years:!!1.75 to 1.84"
"B17024_088E","Estimate!!Total:!!45 to 54 years:!!1.85 to 1.99"
"B17024_088M","Margin of Error!!Total:!!45 to 54 years:!!1.85 to 1.99"
"B17024_089E","Estimate!!Total:!!45 to 54 years:!!2.00 to 2.99"
"B17024_089M","Margin of Error!!Total:!!45 to 54 years:!!2.00 to 2.99"
"B17024_090E","Estimate!!Total:!!45 to 54 years:!!3.00 to 3.99"
"B17024_090M","Margin of Error!!Total:!!45 to 54 years:!!3.00 to 3.99"
"B17024_091E","Estimate!!Total:!!45 to 54 years:!!4.00 to 4.99"
"B17024_091M","Margin of Error!!Total:!!45 to 54 years:!!4.00 to 4.99"
"B17024_092E","Estimate!!Total:!!45 to 54 years:!!5.00 and over"
"B17024_092M","Margin of Error!!Total:!!45 to 54 years:!!5.00 and over"
"B17024_093E","Estimate!!Total:!!55 to 64 years:"
"B17024_093M","Margin of Error!!Total:!!55 to 64 years:"
"B17024_094E","Estimate!!Total:!!55 to 64 years:!!Under .50"
"B17024_094M","Margin of Error!!Total:!!55 to 64 years:!!Under .50"
"B17024_095E","Estimate!!Total:!!55 to 64 years:!!.50 to .74"
"B17024_095M","Margin of Error!!Total:!!55 to 64 years:!!.50 to .74"
"B17024_096E","Estimate!!Total:!!55 to 64 years:!!.75 to .99"
"B17024_096M","Margin of Error!!Total:!!55 to 64 years:!!.75 to .99"
"B17024_097E","Estimate!!Total:!!55 to 64 years:!!1.00 to 1.24"
"B17024_097M","Margin of Error!!Total:!!55 to 64 years:!!1.00 to 1.24"
"B17024_098E","Estimate!!Total:!!55 to 64 years:!!1.25 to 1.49"
"B17024_098M","Margin of Error!!Total:!!55 to 64 years:!!1.25 to 1.49"
"B17024_099E","Estimate!!Total:!!55 to 64 years:!!1.50 to 1.74"
"B17024_099M","Margin of Error!!Total:!!55 to 64 years:!!1.50 to 1.74"
"B17024_100E","Estimate!!Total:!!55 to 64 years:!!1.75 to 1.84"
"B17024_100M","Margin of Error!!Total:!!55 to 64 years:!!1.75 to 1.84"
"B17024_101E","Estimate!!Total:!!55 to 64 years:!!1.85 to 1.99"
"B17024_101M","Margin of Error!!Total:!!55 to 64 years:!!1.85 to 1.99"
"B17024_102E","Estimate!!Total:!!55 to 64 years:!!2.00 to 2.99"
"B17024_102M","Margin of Error!!Total:!!55 to 64 years:!!2.00 to 2.99"
"B17024_103E","Estimate!!Total:!!55 to 64 years:!!3.00 to 3.99"
"B17024_103M","Margin of Error!!Total:!!55 to 64 years:!!3.00 to 3.99"
"B17024_104E","Estimate!!Total:!!55 to 64 years:!!4.00 to 4.99"
"B17024_104M","Margin of Error!!Total:!!55 to 64 years:!!4.00 to 4.99"
"B17024_105E","Estimate!!Total:!!55 to 64 years:!!5.00 and over"
"B17024_105M","Margin of Error!!Total:!!55 to 64 years:!!5.00 and over"
"B17024_106E","Estimate!!Total:!!65 to 74 years:"
"B17024_106M","Margin of Error!!Total:!!65 to 74 years:"
"B17024_107E","Estimate!!Total:!!65 to 74 years:!!Under .50"
"B17024_107M","Margin of Error!!Total:!!65 to 74 years:!!Under .50"
"B17024_108E","Estimate!!Total:!!65 to 74 years:!!.50 to .74"
"B17024_108M","Margin of Error!!Total:!!65 to 74 years:!!.50 to .74"
"B17024_109E","Estimate!!Total:!!65 to 74 years:!!.75 to .99"
"B17024_109M","Margin of Error!!Total:!!65 to 74 years:!!.75 to .99"
"B17024_110E","Estimate!!Total:!!65 to 74 years:!!1.00 to 1.24"
"B17024_110M","Margin of Error!!Total:!!65 to 74 years:!!1.00 to 1.24"
"B17024_111E","Estimate!!Total:!!65 to 74 years:!!1.25 to 1.49"
"B17024_111M","Margin of Error!!Total:!!65 to 74 years:!!1.25 to 1.49"
"B17024_112E","Estimate!!Total:!!65 to 74 years:!!1.50 to 1.74"
"B17024_112M","Margin of Error!!Total:!!65 to 74 years:!!1.50 to 1.74"
"B17024_113E","Estimate!!Total:!!65 to 74 years:!!1.75 to 1.84"
"B17024_113M","Margin of Error!!Total:!!65 to 74 years:!!1.75 to 1.84"
"B17024_114E","Estimate!!Total:!!65 to 74 years:!!1.85 to 1.99"
"B17024_114M","Margin of Error!!Total:!!65 to 74 years:!!1.85 to 1.99"
"B17024_115E","Estimate!!Total:!!65 to 74 years:!!2.00 to 2.99"
"B17024_115M","Margin of Error!!Total:!!65 to 74 years:!!2.00 to 2.99"
"B17024_116E","Estimate!!Total:!!65 to 74 years:!!3.00 to 3.99"
"B17024_116M","Margin of Error!!Total:!!65 to 74 years:!!3.00 to 3.99"
"B17024_117E","Estimate!!Total:!!65 to 74 years:!!4.00 to 4.99"
"B17024_117M","Margin of Error!!Total:!!65 to 74 years:!!4.00 to 4.99"
"B17024_118E","Estimate!!Total:!!65 to 74 years:!!5.00 and over"
"B17024_118M","Margin of Error!!Total:!!65 to 74 years:!!5.00 and over"
"B17024_119E","Estimate!!Total:!!75 years and over:"
"B17024_119M","Margin of Error!!Total:!!75 years and over:"
"B17024_120E","Estimate!!Total:!!75 years and over:!!Under .50"
"B17024_120M","Margin of Error!!Total:!!75 years and over:!!Under .50"
"B17024_121E","Estimate!!Total:!!75 years and over:!!.50 to .74"
"B17024_121M","Margin of Error!!Total:!!75 years and over:!!.50 to .74"
"B17024_122E","Estimate!!Total:!!75 years and over:!!.75 to .99"
"B17024_122M","Margin of Error!!Total:!!75 years and over:!!.75 to .99"
"B17024_123E","Estimate!!Total:!!75 years and over:!!1.00 to 1.24"
"B17024_123M","Margin of Error!!Total:!!75 years and over:!!1.00 to 1.24"
"B17024_124E","Estimate!!Total:!!75 years and over:!!1.25 to 1.49"
"B17024_124M","Margin of Error!!Total:!!75 years and over:!!1.25 to 1.49"
"B17024_125E","Estimate!!Total:!!75 years and over:!!1.50 to 1.74"
"B17024_125M","Margin of Error!!Total:!!75 years and over:!!1.50 to 1.74"
"B17024_126E","Estimate!!Total:!!75 years and over:!!1.75 to 1.84"
"B17024_126M","Margin of Error!!Total:!!75 years and over:!!1.75 to 1.84"
"B17024_127E","Estimate!!Total:!!75 years and over:!!1.85 to 1.99"
"B17024_127M","Margin of Error!!Total:!!75 years and over:!!1.85 to 1.99"
"B17024_128E","Estimate!!Total:!!75 years and over:!!2.00 to 2.99"
"B17024_128M","Margin of Error!!Total:!!75 years and over:!!2.00 to 2.99"
"B17024_129E","Estimate!!Total:!!75 years and over:!!3.00 to 3.99"
"B17024_129M","Margin of Error!!Total:!!75 years and over:!!3.00 to 3.99"
"B17024_130E","Estimate!!Total:!!75 years and over:!!4.00 to 4.99"
"B17024_130M","Margin of Error!!Total:!!75 years and over:!!4.00 to 4.99"
"B17024_131E","Estimate!!Total:!!75 years and over:!!5.00 and over"
"B17024_131M","Margin of Error!!Total:!!75 years and over:!!5.00 and over"
